Show.Theatre_ID,Show.Theatre
0,Al Hirschfeld
1,Ambassador
2,American Airlines
3,August Wilson
4,Belasco
5,Biltmore
6,Booth
7,Broadhurst
8,Broadway
9,Brooks Atkinson
10,Cadillac Winter Garden
11,Circle In The Square
12,Cort
13,Criterion
14,Ethel Barrymore
15,Eugene O'Neill
16,Ford Center
17,Ford Center (Livent)
18,Ford Center (Tcn)
19,Foxwoods
20,Friedman
21,Gershwin
22,Golden
23,Helen Hayes
24,Henry Miller
25,Henry Miller (Rndabt)
26,Hilton Theatre
27,Imperial
28,Jacobs
29,Kit Kat Klub
30,Longacre
31,Lunt-Fontanne
32,Lyceum
33,Lyric
34,Majestic
35,Marquis
36,Martin Beck
37,Minskoff
38,Music Box
39,Nederlander
40,Neil Simon
41,New Amsterdam
42,Palace
43,Plymouth
44,Richard Rodgers
45,Royale
46,Schoenfeld
47,Shubert
48,St. James
49,Stephen Sondheim
50,Studio 54
51,Studio 54 ('98)
52,Virginia
53,Vivian Beaumont
54,Walter Kerr
55,Winter Garden
